listing_nickname,building,Bldg_Name,Address,Latitude,Longitude
E4A,bayview,Elliott Bayview,"151 John St, Seattle WA 98109.",47.6196014,-122.3537352
E4F,bayview,Elliott Bayview,"151 John St, Seattle WA 98109.",47.6196014,-122.3537352
T8D,tower,Tower 801,"801 Pine Street, Seattle, WA 98101.",47.6129715,-122.3327218
T19G,tower,Tower 801,"801 Pine Street, Seattle, WA 98101.",47.6129715,-122.3327218
V504,volta,Volta,"2233 1st Ave, Seattle WA 98121.",47.6130931,-122.3465963
R527,rollin,Rollin Street Flats,"120 Westlake Ave N, Seattle WA 98109.",47.619116,-122.338084
M601,mark,Mark on 8th,"285 8th Ave N, Seattle WA 98109.",47.6205147,-122.3414598
M603,mark,Mark on 8th,"285 8th Ave N, Seattle WA 98109.",47.6205147,-122.3414598
V603,volta,Volta,"2233 1st Ave, Seattle WA 98121.",47.6130931,-122.3465963
V604,volta,Volta,"2233 1st Ave, Seattle WA 98121.",47.6130931,-122.3465963
M605,mark,Mark on 8th,"285 8th Ave N, Seattle WA 98109.",47.6205147,-122.3414598
M615,mark,Mark on 8th,"285 8th Ave N, Seattle WA 98109.",47.6205147,-122.3414598
M617,mark,Mark on 8th,"285 8th Ave N, Seattle WA 98109.",47.6205147,-122.3414598
M619,mark,Mark on 8th,"285 8th Ave N, Seattle WA 98109.",47.6205147,-122.3414598
M621,mark,Mark on 8th,"285 8th Ave N, Seattle WA 98109.",47.6205147,-122.3414598
M623,mark,Mark on 8th,"285 8th Ave N, Seattle WA 98109.",47.6205147,-122.3414598
C703,cove,Cove,"601 E Pike St, Seattle WA 98122.",47.6139204,-122.3241405
V703,volta,Volta,"2233 1st Ave, Seattle WA 98121.",47.6130931,-122.3465963
EX706,excelsior,Excelsior,"1535 Bellevue Ave, Seattle WA 98112.",47.6150442,-122.3270794
EX707,excelsior,Excelsior,"1535 Bellevue Ave, Seattle WA 98112.",47.6150442,-122.3270794
C708,cove,Cove,"601 E Pike St, Seattle WA 98122.",47.6139204,-122.3241405
C709,cove,Cove,"601 E Pike St, Seattle WA 98122.",47.6139204,-122.3241405
C710,cove,Cove,"601 E Pike St, Seattle WA 98122.",47.6139204,-122.3241405
C711,cove,Cove,"601 E Pike St, Seattle WA 98122.",47.6139204,-122.3241405
R712,rollin,Rollin Street Flats,"120 Westlake Ave N, Seattle WA 98109.",47.619116,-122.338084
EX815,excelsior,Excelsior,"1535 Bellevue Ave, Seattle WA 98112.",47.6150442,-122.3270794
EX826,excelsior,Excelsior,"1535 Bellevue Ave, Seattle WA 98112.",47.6150442,-122.3270794
EX829,excelsior,Excelsior,"1535 Bellevue Ave, Seattle WA 98112.",47.6150442,-122.3270794
R912,rollin,Rollin Street Flats,"120 Westlake Ave N, Seattle WA 98109.",47.619116,-122.338084
VR1203,verve,Verve,"2720 4th Ave, Seattle WA 98121.",47.618311,-122.3484488
VR1204,verve,Verve,"2720 4th Ave, Seattle WA 98121.",47.618311,-122.3484488
VR1207,verve,Verve,"2720 4th Ave, Seattle WA 98121.",47.618311,-122.3484488
VK1701,viktoria,Viktoria,"1915 2nd Ave, Seattle WA 98101.",47.6109977,-122.3412244
MS202,marina,Marina SLU,"1207 Westlake Ave N, Seattle, WA 98109.",47.6298983,-122.3416503
MS203,marina,Marina SLU,"1207 Westlake Ave N, Seattle, WA 98109.",47.6298983,-122.3416503
MS204,marina,Marina SLU,"1207 Westlake Ave N, Seattle, WA 98109.",47.6298983,-122.3416503
MS205,marina,Marina SLU,"1207 Westlake Ave N, Seattle, WA 98109.",47.6298983,-122.3416503
MS206,marina,Marina SLU,"1207 Westlake Ave N, Seattle, WA 98109.",47.6298983,-122.3416503
MS207,marina,Marina SLU,"1207 Westlake Ave N, Seattle, WA 98109.",47.6298983,-122.3416503
MS208,marina,Marina SLU,"1207 Westlake Ave N, Seattle, WA 98109.",47.6298983,-122.3416503
MS210,marina,Marina SLU,"1207 Westlake Ave N, Seattle, WA 98109.",47.6298983,-122.3416503
MS304,marina,Marina SLU,"1207 Westlake Ave N, Seattle, WA 98109.",47.6298983,-122.3416503
MS309,marina,Marina SLU,"1207 Westlake Ave N, Seattle, WA 98109.",47.6298983,-122.3416503
MS310,marina,Marina SLU,"1207 Westlake Ave N, Seattle, WA 98109.",47.6298983,-122.3416503
MS311,marina,Marina SLU,"1207 Westlake Ave N, Seattle, WA 98109.",47.6298983,-122.3416503
MS402,marina,Marina SLU,"1207 Westlake Ave N, Seattle, WA 98109.",47.6298983,-122.3416503
MS403,marina,Marina SLU,"1207 Westlake Ave N, Seattle, WA 98109.",47.6298983,-122.3416503
MS404,marina,Marina SLU,"1207 Westlake Ave N, Seattle, WA 98109.",47.6298983,-122.3416503
MS406,marina,Marina SLU,"1207 Westlake Ave N, Seattle, WA 98109.",47.6298983,-122.3416503
MS407,marina,Marina SLU,"1207 Westlake Ave N, Seattle, WA 98109.",47.6298983,-122.3416503
MS508,marina,Marina SLU,"1207 Westlake Ave N, Seattle, WA 98109.",47.6298983,-122.3416503
MS509,marina,Marina SLU,"1207 Westlake Ave N, Seattle, WA 98109.",47.6298983,-122.3416503
MS510,marina,Marina SLU,"1207 Westlake Ave N, Seattle, WA 98109.",47.6298983,-122.3416503
MS511,marina,Marina SLU,"1207 Westlake Ave N, Seattle, WA 98109.",47.6298983,-122.3416503
MS512,marina,Marina SLU,"1207 Westlake Ave N, Seattle, WA 98109.",47.6298983,-122.3416503
MS513,marina,Marina SLU,"1207 Westlake Ave N, Seattle, WA 98109.",47.6298983,-122.3416503
MS514,marina,Marina SLU,"1207 Westlake Ave N, Seattle, WA 98109.",47.6298983,-122.3416503
MS515,marina,Marina SLU,"1207 Westlake Ave N, Seattle, WA 98109.",47.6298983,-122.3416503
MS516,marina,Marina SLU,"1207 Westlake Ave N, Seattle, WA 98109.",47.6298983,-122.3416503
MS517,marina,Marina SLU,"1207 Westlake Ave N, Seattle, WA 98109.",47.6298983,-122.3416503
MS518,marina,Marina SLU,"1207 Westlake Ave N, Seattle, WA 98109.",47.6298983,-122.3416503
MS519,marina,Marina SLU,"1207 Westlake Ave N, Seattle, WA 98109.",47.6298983,-122.3416503
MS520,marina,Marina SLU,"1207 Westlake Ave N, Seattle, WA 98109.",47.6298983,-122.3416503
MS609,marina,Marina SLU,"1207 Westlake Ave N, Seattle, WA 98109.",47.6298983,-122.3416503
MS610,marina,Marina SLU,"1207 Westlake Ave N, Seattle, WA 98109.",47.6298983,-122.3416503
MS611,marina,Marina SLU,"1207 Westlake Ave N, Seattle, WA 98109.",47.6298983,-122.3416503
MS613,marina,Marina SLU,"1207 Westlake Ave N, Seattle, WA 98109.",47.6298983,-122.3416503
MS614,marina,Marina SLU,"1207 Westlake Ave N, Seattle, WA 98109.",47.6298983,-122.3416503
MS615,marina,Marina SLU,"1207 Westlake Ave N, Seattle, WA 98109.",47.6298983,-122.3416503
MS616,marina,Marina SLU,"1207 Westlake Ave N, Seattle, WA 98109.",47.6298983,-122.3416503
MS617,marina,Marina SLU,"1207 Westlake Ave N, Seattle, WA 98109.",47.6298983,-122.3416503
MS618,marina,Marina SLU,"1207 Westlake Ave N, Seattle, WA 98109.",47.6298983,-122.3416503
MS812,marina,Marina SLU,"1207 Westlake Ave N, Seattle, WA 98109.",47.6298983,-122.3416503
MS813,marina,Marina SLU,"1207 Westlake Ave N, Seattle, WA 98109.",47.6298983,-122.3416503
MS814,marina,Marina SLU,"1207 Westlake Ave N, Seattle, WA 98109.",47.6298983,-122.3416503
MS815,marina,Marina SLU,"1207 Westlake Ave N, Seattle, WA 98109.",47.6298983,-122.3416503
MS816,marina,Marina SLU,"1207 Westlake Ave N, Seattle, WA 98109.",47.6298983,-122.3416503
MS817,marina,Marina SLU,"1207 Westlake Ave N, Seattle, WA 98109.",47.6298983,-122.3416503
MS818,marina,Marina SLU,"1207 Westlake Ave N, Seattle, WA 98109.",47.6298983,-122.3416503
MS913,marina,Marina SLU,"1207 Westlake Ave N, Seattle, WA 98109.",47.6298983,-122.3416503
MS914,marina,Marina SLU,"1207 Westlake Ave N, Seattle, WA 98109.",47.6298983,-122.3416503
MS915,marina,Marina SLU,"1207 Westlake Ave N, Seattle, WA 98109.",47.6298983,-122.3416503
MS916,marina,Marina SLU,"1207 Westlake Ave N, Seattle, WA 98109.",47.6298983,-122.3416503
CR302,chroma,Chroma SLU,"1212 Harrison St., Seattle, WA 98109.",47.62227,-122.332504
CR304,chroma,Chroma SLU,"1212 Harrison St., Seattle, WA 98109.",47.62227,-122.332504
CR305,chroma,Chroma SLU,"1212 Harrison St., Seattle, WA 98109.",47.62227,-122.332504
CR307,chroma,Chroma SLU,"1212 Harrison St., Seattle, WA 98109.",47.62227,-122.332504
CR308,chroma,Chroma SLU,"1212 Harrison St., Seattle, WA 98109.",47.62227,-122.332504
CR310,chroma,Chroma SLU,"1212 Harrison St., Seattle, WA 98109.",47.62227,-122.332504
CR312,chroma,Chroma SLU,"1212 Harrison St., Seattle, WA 98109.",47.62227,-122.332504
CR314,chroma,Chroma SLU,"1212 Harrison St., Seattle, WA 98109.",47.62227,-122.332504
CR315,chroma,Chroma SLU,"1212 Harrison St., Seattle, WA 98109.",47.62227,-122.332504
CR316,chroma,Chroma SLU,"1212 Harrison St., Seattle, WA 98109.",47.62227,-122.332504
CR317,chroma,Chroma SLU,"1212 Harrison St., Seattle, WA 98109.",47.62227,-122.332504
CR322,chroma,Chroma SLU,"1212 Harrison St., Seattle, WA 98109.",47.62227,-122.332504
CR323,chroma,Chroma SLU,"1212 Harrison St., Seattle, WA 98109.",47.62227,-122.332504
CR324,chroma,Chroma SLU,"1212 Harrison St., Seattle, WA 98109.",47.62227,-122.332504
CR401,chroma,Chroma SLU,"1212 Harrison St., Seattle, WA 98109.",47.62227,-122.332504
CR402,chroma,Chroma SLU,"1212 Harrison St., Seattle, WA 98109.",47.62227,-122.332504
CR404,chroma,Chroma SLU,"1212 Harrison St., Seattle, WA 98109.",47.62227,-122.332504
CR409,chroma,Chroma SLU,"1212 Harrison St., Seattle, WA 98109.",47.62227,-122.332504
CR410,chroma,Chroma SLU,"1212 Harrison St., Seattle, WA 98109.",47.62227,-122.332504
CR413,chroma,Chroma SLU,"1212 Harrison St., Seattle, WA 98109.",47.62227,-122.332504
CR414,chroma,Chroma SLU,"1212 Harrison St., Seattle, WA 98109.",47.62227,-122.332504
CR416,chroma,Chroma SLU,"1212 Harrison St., Seattle, WA 98109.",47.62227,-122.332504
CR417,chroma,Chroma SLU,"1212 Harrison St., Seattle, WA 98109.",47.62227,-122.332504
CR422,chroma,Chroma SLU,"1212 Harrison St., Seattle, WA 98109.",47.62227,-122.332504
CR423,chroma,Chroma SLU,"1212 Harrison St., Seattle, WA 98109.",47.62227,-122.332504
CR424,chroma,Chroma SLU,"1212 Harrison St., Seattle, WA 98109.",47.62227,-122.332504
CR503,chroma,Chroma SLU,"1212 Harrison St., Seattle, WA 98109.",47.62227,-122.332504
CR505,chroma,Chroma SLU,"1212 Harrison St., Seattle, WA 98109.",47.62227,-122.332504
CR511,chroma,Chroma SLU,"1212 Harrison St., Seattle, WA 98109.",47.62227,-122.332504
CR513,chroma,Chroma SLU,"1212 Harrison St., Seattle, WA 98109.",47.62227,-122.332504
CR514,chroma,Chroma SLU,"1212 Harrison St., Seattle, WA 98109.",47.62227,-122.332504
CR515,chroma,Chroma SLU,"1212 Harrison St., Seattle, WA 98109.",47.62227,-122.332504
CR516,chroma,Chroma SLU,"1212 Harrison St., Seattle, WA 98109.",47.62227,-122.332504
CR517,chroma,Chroma SLU,"1212 Harrison St., Seattle, WA 98109.",47.62227,-122.332504
CR519,chroma,Chroma SLU,"1212 Harrison St., Seattle, WA 98109.",47.62227,-122.332504
CR109,chroma,Chroma SLU,"1212 Harrison St., Seattle, WA 98109.",47.62227,-122.332504
CR110,chroma,Chroma SLU,"1212 Harrison St., Seattle, WA 98109.",47.62227,-122.332504
CR111,chroma,Chroma SLU,"1212 Harrison St., Seattle, WA 98109.",47.62227,-122.332504
CR113,chroma,Chroma SLU,"1212 Harrison St., Seattle, WA 98109.",47.62227,-122.332504
CR114,chroma,Chroma SLU,"1212 Harrison St., Seattle, WA 98109.",47.62227,-122.332504
